"analysis_id","n_persons","person_days","n_events","incidence_start_date","incidence_end_date","person_years","incidence_100000_pys","incidence_100000_pys_95CI_lower","incidence_100000_pys_95CI_upper","cohort_obscured","result_obscured","age_group","sex","cohort","database"
"1",10360972,304992831,215608,2020-09-01,2020-09-30,835024.862422998,25820.5485492215,25711.6734100941,25929.7705541584,"FALSE","FALSE","18;150","Both","Tested negative","CPRD"
"1",10158930,306293807,277940,2020-10-01,2020-10-31,838586.740588638,33143.8581779748,33020.7527457968,33267.3089726648,"FALSE","FALSE","18;150","Both","Tested negative","CPRD"
"1",10059217,292251216,284668,2020-11-01,2020-11-30,800140.221765914,35577.264116499,35446.6898350455,35708.2003522783,"FALSE","FALSE","18;150","Both","Tested negative","CPRD"
"1",10055781,300612024,355555,2020-12-01,2020-12-31,823030.866529774,43200.6883896301,43058.8044805235,43342.9241626941,"FALSE","FALSE","18;150","Both","Tested negative","CPRD"
"1",10089172,303086845,131755,2021-01-01,2021-01-31,829806.557152635,15877.7969231888,15792.1767870692,15963.7661773814,"FALSE","FALSE","18;150","Both","Tested negative","CPRD"
"1",10236239,281820118,NA,2021-02-01,2021-02-28,771581.431895962,NA,NA,NA,"FALSE","TRUE","18;150","Both","Tested negative","CPRD"
"1",10252003,314637589,NA,2021-03-01,2021-03-31,861430.770704997,NA,NA,NA,"FALSE","TRUE","18;150","Both","Tested negative","CPRD"
"1",10233331,304514726,NA,2021-04-01,2021-04-30,833715.882272416,NA,NA,NA,"FALSE","TRUE","18;150","Both","Tested negative","CPRD"
"1",760446,22581386,6239,2020-09-01,2020-09-30,61824.4654346338,10091.4742345753,9842.60346310564,10345.0465275722,"FALSE","FALSE","65;79","Male","Tested negative","CPRD"
"1",750528,22974563,8260,2020-10-01,2020-10-31,62900.9253935661,13131.7622885798,12850.0790041188,13418.0640613625,"FALSE","FALSE","65;79","Male","Tested negative","CPRD"
"1",745285,22023091,10431,2020-11-01,2020-11-30,60295.9370294319,17299.6731021999,16969.2582433262,17634.9040200675,"FALSE","FALSE","65;79","Male","Tested negative","CPRD"
"1",743126,22624912,11342,2020-12-01,2020-12-31,61943.6331279945,18310.19497446,17974.7527476636,18650.32452004,"FALSE","FALSE","65;79","Male","Tested negative","CPRD"
"1",771195,23539003,4739,2021-01-01,2021-01-31,64446.2778918549,7353.41148476,7145.52506671882,7565.81098302094,"FALSE","FALSE","65;79","Male","Tested negative","CPRD"
"1",774364,21479037,NA,2021-02-01,2021-02-28,58806.3983572895,NA,NA,NA,"FALSE","TRUE","65;79","Male","Tested negative","CPRD"
"1",771397,23803371,NA,2021-03-01,2021-03-31,65170.0780287474,NA,NA,NA,"FALSE","TRUE","65;79","Male","Tested negative","CPRD"
"1",768684,22949824,NA,2021-04-01,2021-04-30,62833.1937029432,NA,NA,NA,"FALSE","TRUE","65;79","Male","Tested negative","CPRD"
"10",1297217,38034085,41510,2020-09-01,2020-09-30,104131.649555099,39863.0005165104,39480.431789102,40248.35332787,"FALSE","FALSE","35;49","Female","Tested negative","CPRD"
"10",1269030,37964359,45087,2020-10-01,2020-10-31,103940.750171116,43377.5972616843,42978.1149572169,43779.868576293,"FALSE","FALSE","35;49","Female","Tested negative","CPRD"
"10",1259542,36265904,51575,2020-11-01,2020-11-30,99290.6338124572,51943.4694086214,51496.1337023465,52393.7244420175,"FALSE","FALSE","35;49","Female","Tested negative","CPRD"
"10",1258628,37165203,64171,2020-12-01,2020-12-31,101752.780287474,63065.5986192245,62578.5847432415,63555.4607439673,"FALSE","FALSE","35;49","Female","Tested negative","CPRD"
"10",1251857,37209086,22212,2021-01-01,2021-01-31,101872.925393566,21803.6341983783,21517.8284579506,22092.2874815865,"FALSE","FALSE","35;49","Female","Tested negative","CPRD"
"10",1281476,35175072,NA,2021-02-01,2021-02-28,96304.0985626283,NA,NA,NA,"FALSE","TRUE","35;49","Female","Tested negative","CPRD"
"10",1281934,39440077,NA,2021-03-01,2021-03-31,107981.045859001,NA,NA,NA,"FALSE","TRUE","35;49","Female","Tested negative","CPRD"
"10",1279682,38135018,NA,2021-04-01,2021-04-30,104407.989048597,NA,NA,NA,"FALSE","TRUE","35;49","Female","Tested negative","CPRD"
"2",243214,7194290,2166,2020-09-01,2020-09-30,19696.8925393566,10996.6584610851,10538.3805595559,11469.7371645735,"FALSE","FALSE","80;150","Male","Tested negative","CPRD"
"2",238670,7276184,1904,2020-10-01,2020-10-31,19921.106091718,9557.70222413287,9133.16920182734,9996.87645725157,"FALSE","FALSE","80;150","Male","Tested negative","CPRD"
"2",235590,6952143,2394,2020-11-01,2020-11-30,19033.9301848049,12577.5390408396,12078.7061883678,13091.682848309,"FALSE","FALSE","80;150","Male","Tested negative","CPRD"
"2",232964,7085809,2203,2020-12-01,2020-12-31,19399.8877481177,11355.7358094185,10886.442719308,11840.0553863597,"FALSE","FALSE","80;150","Male","Tested negative","CPRD"
"2",259491,7902342,807,2021-01-01,2021-01-31,21635.4332648871,3729.99232379464,3477.05060137693,3996.47030021807,"FALSE","FALSE","80;150","Male","Tested negative","CPRD"
"2",256122,7088380,NA,2021-02-01,2021-02-28,19406.9267624914,NA,NA,NA,"FALSE","TRUE","80;150","Male","Tested negative","CPRD"
"2",253172,7785036,NA,2021-03-01,2021-03-31,21314.2669404517,NA,NA,NA,"FALSE","TRUE","80;150","Male","Tested negative","CPRD"
"2",250838,7468095,NA,2021-04-01,2021-04-30,20446.5297741273,NA,NA,NA,"FALSE","TRUE","80;150","Male","Tested negative","CPRD"
"3",351708,10352693,5852,2020-09-01,2020-09-30,28344.128678987,20646.2511734869,20120.6232567715,21182.135509726,"FALSE","FALSE","80;150","Female","Tested negative","CPRD"
"3",344409,10429785,4257,2020-10-01,2020-10-31,28555.1950718686,14907.9702985248,14463.4647406066,15362.664171322,"FALSE","FALSE","80;150","Female","Tested negative","CPRD"
"3",340633,10006472,4643,2020-11-01,2020-11-30,27396.2272416153,16947.589020386,16463.575562112,17442.2194807795,"FALSE","FALSE","80;150","Female","Tested negative","CPRD"
"3",337488,10229850,4273,2020-12-01,2020-12-31,28007.8028747433,15256.4627047317,14802.4123559661,15720.900391545,"FALSE","FALSE","80;150","Female","Tested negative","CPRD"
"3",369610,11229645,1569,2021-01-01,2021-01-31,30745.0924024641,5103.25348664183,4853.8351169837,5362.16591434322,"FALSE","FALSE","80;150","Female","Tested negative","CPRD"
"3",366238,10130121,NA,2021-02-01,2021-02-28,27734.7597535934,NA,NA,NA,"FALSE","TRUE","80;150","Female","Tested negative","CPRD"
"3",363196,11160528,NA,2021-03-01,2021-03-31,30555.8603696099,NA,NA,NA,"FALSE","TRUE","80;150","Female","Tested negative","CPRD"
"3",360510,10728207,NA,2021-04-01,2021-04-30,29372.2299794661,NA,NA,NA,"FALSE","TRUE","80;150","Female","Tested negative","CPRD"
"4",817632,24279394,7171,2020-09-01,2020-09-30,66473.3579739904,10787.7805764015,10539.5246958647,11040.4079212999,"FALSE","FALSE","65;79","Female","Tested negative","CPRD"
"4",807271,24703662,9459,2020-10-01,2020-10-31,67634.9404517454,13985.3749213376,13704.9398866348,14270.1041380999,"FALSE","FALSE","65;79","Female","Tested negative","CPRD"
"4",801891,23687724,12025,2020-11-01,2020-11-30,64853.453798768,18541.8035519158,18211.8625816057,18876.2211243652,"FALSE","FALSE","65;79","Female","Tested negative","CPRD"
"4",800184,24346265,13385,2020-12-01,2020-12-31,66656.4407939767,20080.580121838,19741.8182926053,20423.6967681973,"FALSE","FALSE","65;79","Female","Tested negative","CPRD"
"4",822167,25079436,5564,2021-01-01,2021-01-31,68663.7535934292,8103.25638901928,7891.72028656482,8319.02677626636,"FALSE","FALSE","65;79","Female","Tested negative","CPRD"
"4",827452,22955479,NA,2021-02-01,2021-02-28,62848.6762491444,NA,NA,NA,"FALSE","TRUE","65;79","Female","Tested negative","CPRD"
"4",825606,25495767,NA,2021-03-01,2021-03-31,69803.6057494867,NA,NA,NA,"FALSE","TRUE","65;79","Female","Tested negative","CPRD"
"4",824092,24613660,NA,2021-04-01,2021-04-30,67388.5284052019,NA,NA,NA,"FALSE","TRUE","65;79","Female","Tested negative","CPRD"
"5",1523831,44312406,49390,2020-09-01,2020-09-30,121320.755646817,40710.2640736772,40352.0139581708,41070.9034857939,"FALSE","FALSE","18;34","Female","Tested negative","CPRD"
"5",1476217,43654822,65180,2020-10-01,2020-10-31,119520.388774812,54534.6284999169,54116.7597860518,54954.9220237291,"FALSE","FALSE","18;34","Female","Tested negative","CPRD"
"5",1450673,41313896,58716,2020-11-01,2020-11-30,113111.282683094,51909.9409070498,51490.9035320181,52331.5406682098,"FALSE","FALSE","18;34","Female","Tested negative","CPRD"
"5",1451695,42563174,76327,2020-12-01,2020-12-31,116531.619438741,65498.9610267317,65035.1056611306,65965.3031433519,"FALSE","FALSE","18;34","Female","Tested negative","CPRD"
"5",1408437,41591567,26785,2021-01-01,2021-01-31,113871.504449008,23522.1270936967,23241.2649696276,23805.53620144,"FALSE","FALSE","18;34","Female","Tested negative","CPRD"
"5",1438986,39213944,NA,2021-02-01,2021-02-28,107361.927446954,NA,NA,NA,"FALSE","TRUE","18;34","Female","Tested negative","CPRD"
"5",1458067,44195235,NA,2021-03-01,2021-03-31,120999.958932238,NA,NA,NA,"FALSE","TRUE","18;34","Female","Tested negative","CPRD"
"5",1463315,43231261,NA,2021-04-01,2021-04-30,118360.741957563,NA,NA,NA,"FALSE","TRUE","18;34","Female","Tested negative","CPRD"
"6",1200175,35433361,25018,2020-09-01,2020-09-30,97011.2553045859,25788.7602025673,25470.1777650829,26110.3324953086,"FALSE","FALSE","50;64","Female","Tested negative","CPRD"
"6",1179617,35626392,36223,2020-10-01,2020-10-31,97539.7453798768,37136.6563024401,36755.1923454067,37521.0928437482,"FALSE","FALSE","50;64","Female","Tested negative","CPRD"
"6",1168906,33904657,39851,2020-11-01,2020-11-30,92825.8918548939,42930.9099042058,42510.4302204455,43354.5128668773,"FALSE","FALSE","50;64","Female","Tested negative","CPRD"
"6",1171194,34903852,47344,2020-12-01,2020-12-31,95561.5386721424,49542.9444291707,49097.6666682144,49991.2556352726,"FALSE","FALSE","50;64","Female","Tested negative","CPRD"
"6",1178927,35310560,19918,2021-01-01,2021-01-31,96675.0444900753,20603.0419795098,20317.8974583259,20891.1875262114,"FALSE","FALSE","50;64","Female","Tested negative","CPRD"
"6",1202262,33100970,NA,2021-02-01,2021-02-28,90625.5167693361,NA,NA,NA,"FALSE","TRUE","50;64","Female","Tested negative","CPRD"
"6",1201420,37077061,NA,2021-03-01,2021-03-31,101511.460643395,NA,NA,NA,"FALSE","TRUE","50;64","Female","Tested negative","CPRD"
"6",1199559,35821239,NA,2021-04-01,2021-04-30,98073.2073921971,NA,NA,NA,"FALSE","TRUE","50;64","Female","Tested negative","CPRD"
"7",1383198,40779348,27812,2020-09-01,2020-09-30,111647.770020534,24910.4841009229,24618.5717381052,25204.9940769502,"FALSE","FALSE","35;49","Male","Tested negative","CPRD"
"7",1361282,41169203,32988,2020-10-01,2020-10-31,112715.134839151,29266.6996735399,28951.717749783,29584.2541864472,"FALSE","FALSE","35;49","Male","Tested negative","CPRD"
"7",1351675,39412559,35464,2020-11-01,2020-11-30,107905.70568104,32865.7319612259,32524.554307096,33209.5966890758,"FALSE","FALSE","35;49","Male","Tested negative","CPRD"
"7",1351437,40515536,46408,2020-12-01,2020-12-31,110925.492128679,41837.0918257135,41457.307522608,42219.4894613669,"FALSE","FALSE","35;49","Male","Tested negative","CPRD"
"7",1344945,40489379,16224,2021-01-01,2021-01-31,110853.87816564,14635.4825545731,14411.1341488164,14862.4488129711,"FALSE","FALSE","35;49","Male","Tested negative","CPRD"
"7",1367230,37697864,NA,2021-02-01,2021-02-28,103211.126625599,NA,NA,NA,"FALSE","TRUE","35;49","Male","Tested negative","CPRD"
"7",1366221,42000254,NA,2021-03-01,2021-03-31,114990.428473648,NA,NA,NA,"FALSE","TRUE","35;49","Male","Tested negative","CPRD"
"7",1361436,40536175,NA,2021-04-01,2021-04-30,110981.998631075,NA,NA,NA,"FALSE","TRUE","35;49","Male","Tested negative","CPRD"
"8",1536619,45096015,33508,2020-09-01,2020-09-30,123466.160164271,27139.4201904536,26849.6022753962,27431.586648108,"FALSE","FALSE","18;34","Male","Tested negative","CPRD"
"8",1502332,45081035,49266,2020-10-01,2020-10-31,123425.14715948,39915.6907111827,39563.9920314542,40269.737954642,"FALSE","FALSE","18;34","Male","Tested negative","CPRD"
"8",1484331,42927167,41370,2020-11-01,2020-11-30,117528.177960301,35200.0692242281,34861.6813001934,35540.9238934421,"FALSE","FALSE","18;34","Male","Tested negative","CPRD"
"8",1488289,44368909,56650,2020-12-01,2020-12-31,121475.452429843,46634.9364145961,46251.691693497,47020.5671492969,"FALSE","FALSE","18;34","Male","Tested negative","CPRD"
"8",1446295,43342006,19726,2021-01-01,2021-01-31,118663.945242984,16623.4149383856,16392.2350679662,16857.0397607173,"FALSE","FALSE","18;34","Male","Tested negative","CPRD"
"8",1470961,40406385,NA,2021-02-01,2021-02-28,110626.652977413,NA,NA,NA,"FALSE","TRUE","18;34","Male","Tested negative","CPRD"
"8",1482392,45188124,NA,2021-03-01,2021-03-31,123718.340862423,NA,NA,NA,"FALSE","TRUE","18;34","Male","Tested negative","CPRD"
"8",1481356,43925848,NA,2021-04-01,2021-04-30,120262.417522245,NA,NA,NA,"FALSE","TRUE","18;34","Male","Tested negative","CPRD"
"9",1246932,36929853,16942,2020-09-01,2020-09-30,101108.427104723,16756.2689729634,16504.8920419586,17010.5159186897,"FALSE","FALSE","50;64","Male","Tested negative","CPRD"
"9",1229574,37413802,25316,2020-10-01,2020-10-31,102433.407255305,24714.5932936727,24411.0773846026,25020.940759054,"FALSE","FALSE","50;64","Male","Tested negative","CPRD"
"9",1220691,35757603,28199,2020-11-01,2020-11-30,97898.9815195072,28804.1811695264,28468.9581602633,29142.3665557042,"FALSE","FALSE","50;64","Male","Tested negative","CPRD"
"9",1220776,36808514,33452,2020-12-01,2020-12-31,100776.219028063,33194.3392227135,32839.5659157522,33551.9898551635,"FALSE","FALSE","50;64","Male","Tested negative","CPRD"
"9",1236248,37393821,14211,2021-01-01,2021-01-31,102378.702258727,13880.816699636,13653.5247798278,14110.9436982071,"FALSE","FALSE","50;64","Male","Tested negative","CPRD"
"9",1251148,34572866,NA,2021-02-01,2021-02-28,94655.3483915127,NA,NA,NA,"FALSE","TRUE","50;64","Male","Tested negative","CPRD"
"9",1248598,38492136,NA,2021-03-01,2021-03-31,105385.724845996,NA,NA,NA,"FALSE","TRUE","50;64","Male","Tested negative","CPRD"
"9",1243859,37105399,NA,2021-04-01,2021-04-30,101589.045859001,NA,NA,NA,"FALSE","TRUE","50;64","Male","Tested negative","CPRD"
"1",10360972,307667999,31380,2020-09-01,2020-09-30,842349.073237509,3725.29643552562,3684.19141533566,3766.74571128897,"FALSE","FALSE","18;150","Both","Long COVID symptoms, tested negative (90 days)","CPRD"
"1",10230804,314387357,35620,2020-10-01,2020-10-31,860745.672826831,4138.27232880742,4095.40704609086,4181.47446996667,"FALSE","FALSE","18;150","Both","Long COVID symptoms, tested negative (90 days)","CPRD"
"1",10169578,302642197,29222,2020-11-01,2020-11-30,828589.177275838,3526.71755815994,3486.39639667454,3567.38871624426,"FALSE","FALSE","18;150","Both","Long COVID symptoms, tested negative (90 days)","CPRD"
"1",10144303,311857739,21445,2020-12-01,2020-12-31,853819.956194387,2511.65363896902,2478.14880178799,2545.49824233195,"FALSE","FALSE","18;150","Both","Long COVID symptoms, tested negative (90 days)","CPRD"
"1",10264103,315759949,6055,2021-01-01,2021-01-31,864503.624914442,700.401921460913,682.87012085342,718.269970163698,"FALSE","FALSE","18;150","Both","Long COVID symptoms, tested negative (90 days)","CPRD"
"1",10236239,284697368,NA,2021-02-01,2021-02-28,779458.913073238,NA,NA,NA,"FALSE","TRUE","18;150","Both","Long COVID symptoms, tested negative (90 days)","CPRD"
"1",10252003,314637589,NA,2021-03-01,2021-03-31,861430.770704997,NA,NA,NA,"FALSE","TRUE","18;150","Both","Long COVID symptoms, tested negative (90 days)","CPRD"
"1",10233331,304514726,NA,2021-04-01,2021-04-30,833715.882272416,NA,NA,NA,"FALSE","TRUE","18;150","Both","Long COVID symptoms, tested negative (90 days)","CPRD"
"1",10360972,307521967,41583,2020-09-01,2020-09-30,841949.259411362,4938.8962024947,4891.53870489394,4986.5980329983,"FALSE","FALSE","18;150","Both","Long COVID-19 symptoms, tested negative (28 days)","CPRD"
"1",10226739,313950557,48053,2020-10-01,2020-10-31,859549.779603012,5590.48482592754,5540.61038334112,5640.69651175662,"FALSE","FALSE","18;150","Both","Long COVID-19 symptoms, tested negative (28 days)","CPRD"
"1",10163959,302100164,43243,2020-11-01,2020-11-30,827105.171800137,5228.23474865773,5179.07224891195,5277.74774981588,"FALSE","FALSE","18;150","Both","Long COVID-19 symptoms, tested negative (28 days)","CPRD"
"1",10139169,311220947,41201,2020-12-01,2020-12-31,852076.514715948,4835.36387735495,4788.78518850666,4882.28280918281,"FALSE","FALSE","18;150","Both","Long COVID-19 symptoms, tested negative (28 days)","CPRD"
"1",10253790,314988875,14384,2021-01-01,2021-01-31,862392.539356605,1667.91795424521,1640.7706419853,1695.40182639455,"FALSE","FALSE","18;150","Both","Long COVID-19 symptoms, tested negative (28 days)","CPRD"
"1",10236239,284510935,NA,2021-02-01,2021-02-28,778948.48733744,NA,NA,NA,"FALSE","TRUE","18;150","Both","Long COVID-19 symptoms, tested negative (28 days)","CPRD"
"1",10252003,314637589,NA,2021-03-01,2021-03-31,861430.770704997,NA,NA,NA,"FALSE","TRUE","18;150","Both","Long COVID-19 symptoms, tested negative (28 days)","CPRD"
"1",10233331,304514726,NA,2021-04-01,2021-04-30,833715.882272416,NA,NA,NA,"FALSE","TRUE","18;150","Both","Long COVID-19 symptoms, tested negative (28 days)","CPRD"
"1",760446,22661879,1046,2020-09-01,2020-09-30,62044.8432580424,1685.87741554882,1585.24600493215,1791.22230678096,"FALSE","FALSE","65;79","Male","Long COVID symptoms, tested negative (90 days)","CPRD"
"1",752373,23201342,1169,2020-10-01,2020-10-31,63521.8124572211,1840.312728462,1736.31647732299,1948.910308784,"FALSE","FALSE","65;79","Male","Long COVID symptoms, tested negative (90 days)","CPRD"
"1",748521,22352992,1138,2020-11-01,2020-11-30,61199.1567419576,1859.50274576218,1753.02131736014,1970.76076306103,"FALSE","FALSE","65;79","Male","Long COVID symptoms, tested negative (90 days)","CPRD"
"1",746270,23008487,830,2020-12-01,2020-12-31,62993.8042436687,1317.58989628479,1229.46539402287,1410.36271415522,"FALSE","FALSE","65;79","Male","Long COVID symptoms, tested negative (90 days)","CPRD"
"1",777396,23983397,230,2021-01-01,2021-01-31,65662.9623545517,350.273566334244,306.464790157708,398.587601620121,"FALSE","FALSE","65;79","Male","Long COVID symptoms, tested negative (90 days)","CPRD"
"1",774364,21583085,NA,2021-02-01,2021-02-28,59091.266255989,NA,NA,NA,"FALSE","TRUE","65;79","Male","Long COVID symptoms, tested negative (90 days)","CPRD"
"1",771397,23803371,NA,2021-03-01,2021-03-31,65170.0780287474,NA,NA,NA,"FALSE","TRUE","65;79","Male","Long COVID symptoms, tested negative (90 days)","CPRD"
"1",768684,22949824,NA,2021-04-01,2021-04-30,62833.1937029432,NA,NA,NA,"FALSE","TRUE","65;79","Male","Long COVID symptoms, tested negative (90 days)","CPRD"
"10",1297217,38524017,7099,2020-09-01,2020-09-30,105473.01026694,6730.63182897048,6574.96291848697,6889.05586845583,"FALSE","FALSE","35;49","Female","Long COVID symptoms, tested negative (90 days)","CPRD"
"10",1282431,39381920,6893,2020-10-01,2020-10-31,107821.820670773,6392.95455884325,6242.91533980927,6545.68904810318,"FALSE","FALSE","35;49","Female","Long COVID symptoms, tested negative (90 days)","CPRD"
"10",1277343,37976015,6082,2020-11-01,2020-11-30,103972.66255989,5849.61455276442,5703.51584703388,5998.50904059542,"FALSE","FALSE","35;49","Female","Long COVID symptoms, tested negative (90 days)","CPRD"
"10",1275520,39190669,4532,2020-12-01,2020-12-31,107298.203969884,4223.74264649578,4101.65734160981,4348.53893091556,"FALSE","FALSE","35;49","Female","Long COVID symptoms, tested negative (90 days)","CPRD"
"10",1282698,39455597,1179,2021-01-01,2021-01-31,108023.537303217,1091.42880286414,1030.01039475746,1155.5528499393,"FALSE","FALSE","35;49","Female","Long COVID symptoms, tested negative (90 days)","CPRD"
"10",1281476,35660384,NA,2021-02-01,2021-02-28,97632.810403833,NA,NA,NA,"FALSE","TRUE","35;49","Female","Long COVID symptoms, tested negative (90 days)","CPRD"
"10",1281934,39440077,NA,2021-03-01,2021-03-31,107981.045859001,NA,NA,NA,"FALSE","TRUE","35;49","Female","Long COVID symptoms, tested negative (90 days)","CPRD"
"10",1279682,38135018,NA,2021-04-01,2021-04-30,104407.989048597,NA,NA,NA,"FALSE","TRUE","35;49","Female","Long COVID symptoms, tested negative (90 days)","CPRD"
"2",243214,7221786,381,2020-09-01,2020-09-30,19772.1724845996,1926.95061858659,1738.29562123723,2130.49590255443,"FALSE","FALSE","80;150","Male","Long COVID symptoms, tested negative (90 days)","CPRD"
"2",239231,7344541,316,2020-10-01,2020-10-31,20108.257357974,1571.49371213259,1402.98344977486,1754.6694673805,"FALSE","FALSE","80;150","Male","Long COVID symptoms, tested negative (90 days)","CPRD"
"2",236230,7023955,356,2020-11-01,2020-11-30,19230.5407255305,1851.22199672407,1663.89259850204,2053.86993831682,"FALSE","FALSE","80;150","Male","Long COVID symptoms, tested negative (90 days)","CPRD"
"2",233740,7170252,212,2020-12-01,2020-12-31,19631.0800821355,1079.92020364138,939.4344235595,1235.48879007352,"FALSE","FALSE","80;150","Male","Long COVID symptoms, tested negative (90 days)","CPRD"
"2",260460,7983850,57,2021-01-01,2021-01-31,21858.5900068446,260.767048479117,197.502415981115,337.853957550958,"FALSE","FALSE","80;150","Male","Long COVID symptoms, tested negative (90 days)","CPRD"
"2",256122,7105392,NA,2021-02-01,2021-02-28,19453.5030800821,NA,NA,NA,"FALSE","TRUE","80;150","Male","Long COVID symptoms, tested negative (90 days)","CPRD"
"2",253172,7785036,NA,2021-03-01,2021-03-31,21314.2669404517,NA,NA,NA,"FALSE","TRUE","80;150","Male","Long COVID symptoms, tested negative (90 days)","CPRD"
"2",250838,7468095,NA,2021-04-01,2021-04-30,20446.5297741273,NA,NA,NA,"FALSE","TRUE","80;150","Male","Long COVID symptoms, tested negative (90 days)","CPRD"
"3",351708,10428212,976,2020-09-01,2020-09-30,28550.8884325804,3418.45754574226,3207.33050474989,3639.83130674008,"FALSE","FALSE","80;150","Female","Long COVID symptoms, tested negative (90 days)","CPRD"
"3",345911,10607357,638,2020-10-01,2020-10-31,29041.3607118412,2196.86675955188,2029.68376827353,2374.14872818351,"FALSE","FALSE","80;150","Female","Long COVID symptoms, tested negative (90 days)","CPRD"
"3",342017,10160869,610,2020-11-01,2020-11-30,27818.9431895962,2192.75044290011,2022.17049779618,2373.87626098064,"FALSE","FALSE","80;150","Female","Long COVID symptoms, tested negative (90 days)","CPRD"
"3",339089,10398527,361,2020-12-01,2020-12-31,28469.6153319644,1268.01853762557,1140.57281847954,1405.81031705299,"FALSE","FALSE","80;150","Female","Long COVID symptoms, tested negative (90 days)","CPRD"
"3",371377,11384302,105,2021-01-01,2021-01-31,31168.5201916496,336.878361097589,275.533123780725,407.811795642739,"FALSE","FALSE","80;150","Female","Long COVID symptoms, tested negative (90 days)","CPRD"
"3",366238,10162754,NA,2021-02-01,2021-02-28,27824.1040383299,NA,NA,NA,"FALSE","TRUE","80;150","Female","Long COVID symptoms, tested negative (90 days)","CPRD"
"3",363196,11160528,NA,2021-03-01,2021-03-31,30555.8603696099,NA,NA,NA,"FALSE","TRUE","80;150","Female","Long COVID symptoms, tested negative (90 days)","CPRD"
"3",360510,10728207,NA,2021-04-01,2021-04-30,29372.2299794661,NA,NA,NA,"FALSE","TRUE","80;150","Female","Long COVID symptoms, tested negative (90 days)","CPRD"
"4",817632,24370236,1285,2020-09-01,2020-09-30,66722.0698151951,1925.89948657042,1822.02571542196,2034.15192049669,"FALSE","FALSE","65;79","Female","Long COVID symptoms, tested negative (90 days)","CPRD"
"4",809335,24957728,1639,2020-10-01,2020-10-31,68330.5352498289,2398.63480361674,2283.90288982217,2517.6377606473,"FALSE","FALSE","65;79","Female","Long COVID symptoms, tested negative (90 days)","CPRD"
"4",805544,24052147,1693,2020-11-01,2020-11-30,65851.189596167,2570.9482400885,2449.92757777927,2696.40016675975,"FALSE","FALSE","65;79","Female","Long COVID symptoms, tested negative (90 days)","CPRD"
"4",803770,24780817,1198,2020-12-01,2020-12-31,67846.1793292266,1765.75897396765,1667.17349970279,1868.65198868193,"FALSE","FALSE","65;79","Female","Long COVID symptoms, tested negative (90 days)","CPRD"
"4",829349,25595641,360,2021-01-01,2021-01-31,70077.0458590007,513.720285418912,462.017649027427,569.626229713314,"FALSE","FALSE","65;79","Female","Long COVID symptoms, tested negative (90 days)","CPRD"
"4",827452,23075283,NA,2021-02-01,2021-02-28,63176.681724846,NA,NA,NA,"FALSE","TRUE","65;79","Female","Long COVID symptoms, tested negative (90 days)","CPRD"
"4",825606,25495767,NA,2021-03-01,2021-03-31,69803.6057494867,NA,NA,NA,"FALSE","TRUE","65;79","Female","Long COVID symptoms, tested negative (90 days)","CPRD"
"4",824092,24613660,NA,2021-04-01,2021-04-30,67388.5284052019,NA,NA,NA,"FALSE","TRUE","65;79","Female","Long COVID symptoms, tested negative (90 days)","CPRD"
"5",1523831,44896262,8656,2020-09-01,2020-09-30,122919.266255989,7042.02055841531,6894.44287599003,7191.96143679535,"FALSE","FALSE","18;34","Female","Long COVID symptoms, tested negative (90 days)","CPRD"
"5",1492418,45488902,9683,2020-10-01,2020-10-31,124541.826146475,7774.89803996588,7620.80045637541,7931.32757152769,"FALSE","FALSE","18;34","Female","Long COVID symptoms, tested negative (90 days)","CPRD"
"5",1475272,43588049,7141,2020-11-01,2020-11-30,119337.574264203,5983.8655545239,5845.8734114335,6124.29270886152,"FALSE","FALSE","18;34","Female","Long COVID symptoms, tested negative (90 days)","CPRD"
"5",1469355,44878840,5295,2020-12-01,2020-12-31,122871.567419576,4309.37776020949,4194.07793101593,4427.04408252207,"FALSE","FALSE","18;34","Female","Long COVID symptoms, tested negative (90 days)","CPRD"
"5",1443278,44121384,1413,2021-01-01,2021-01-31,120797.765913758,1169.72361973051,1109.5212180625,1232.34351384425,"FALSE","FALSE","18;34","Female","Long COVID symptoms, tested negative (90 days)","CPRD"
"5",1438986,39789931,NA,2021-02-01,2021-02-28,108938.893908282,NA,NA,NA,"FALSE","TRUE","18;34","Female","Long COVID symptoms, tested negative (90 days)","CPRD"
"5",1458067,44195235,NA,2021-03-01,2021-03-31,120999.958932238,NA,NA,NA,"FALSE","TRUE","18;34","Female","Long COVID symptoms, tested negative (90 days)","CPRD"
"5",1463315,43231261,NA,2021-04-01,2021-04-30,118360.741957563,NA,NA,NA,"FALSE","TRUE","18;34","Female","Long COVID symptoms, tested negative (90 days)","CPRD"
"6",1200175,35732715,4135,2020-09-01,2020-09-30,97830.841889117,4226.68344680778,4098.8263786234,4357.51453844617,"FALSE","FALSE","50;64","Female","Long COVID symptoms, tested negative (90 days)","CPRD"
"6",1188154,36576817,5596,2020-10-01,2020-10-31,100141.867214237,5588.07235741699,5442.61027705104,5736.43770040742,"FALSE","FALSE","50;64","Female","Long COVID symptoms, tested negative (90 days)","CPRD"
"6",1183553,35269947,4721,2020-11-01,2020-11-30,96563.8521560575,4888.9930285407,4750.51618962754,5030.48190472778,"FALSE","FALSE","50;64","Female","Long COVID symptoms, tested negative (90 days)","CPRD"
"6",1183042,36419851,3380,2020-12-01,2020-12-31,99712.1177275838,3389.75851383906,3276.43443407701,3506.00211937833,"FALSE","FALSE","50;64","Female","Long COVID symptoms, tested negative (90 days)","CPRD"
"6",1203213,37096402,1099,2021-01-01,2021-01-31,101564.413415469,1082.07192169203,1019.03525585579,1147.98729131081,"FALSE","FALSE","50;64","Female","Long COVID symptoms, tested negative (90 days)","CPRD"
"6",1202262,33525173,NA,2021-02-01,2021-02-28,91786.9212867899,NA,NA,NA,"FALSE","TRUE","50;64","Female","Long COVID symptoms, tested negative (90 days)","CPRD"
"6",1201420,37077061,NA,2021-03-01,2021-03-31,101511.460643395,NA,NA,NA,"FALSE","TRUE","50;64","Female","Long COVID symptoms, tested negative (90 days)","CPRD"
"6",1199559,35821239,NA,2021-04-01,2021-04-30,98073.2073921971,NA,NA,NA,"FALSE","TRUE","50;64","Female","Long COVID symptoms, tested negative (90 days)","CPRD"
"7",1383198,41145262,2885,2020-09-01,2020-09-30,112649.587953457,2561.0391057906,2468.43012163982,2656.23354343088,"FALSE","FALSE","35;49","Male","Long COVID symptoms, tested negative (90 days)","CPRD"
"7",1370675,42214482,3147,2020-10-01,2020-10-31,115576.952772074,2722.86119725453,2628.55163812862,2819.69005689874,"FALSE","FALSE","35;49","Male","Long COVID symptoms, tested negative (90 days)","CPRD"
"7",1365630,40714933,2542,2020-11-01,2020-11-30,111471.411362081,2280.40532450342,2192.60934373648,2370.81514865524,"FALSE","FALSE","35;49","Male","Long COVID symptoms, tested negative (90 days)","CPRD"
"7",1363284,41987486,2025,2020-12-01,2020-12-31,114955.471594798,1761.55164422085,1685.65491847792,1839.98501673539,"FALSE","FALSE","35;49","Male","Long COVID symptoms, tested negative (90 days)","CPRD"
"7",1368667,42168592,540,2021-01-01,2021-01-31,115451.312799452,467.72963157034,429.106404092967,508.896106667944,"FALSE","FALSE","35;49","Male","Long COVID symptoms, tested negative (90 days)","CPRD"
"7",1367230,38064234,NA,2021-02-01,2021-02-28,104214.19301848,NA,NA,NA,"FALSE","TRUE","35;49","Male","Long COVID symptoms, tested negative (90 days)","CPRD"
"7",1366221,42000254,NA,2021-03-01,2021-03-31,114990.428473648,NA,NA,NA,"FALSE","TRUE","35;49","Male","Long COVID symptoms, tested negative (90 days)","CPRD"
"7",1361436,40536175,NA,2021-04-01,2021-04-30,110981.998631075,NA,NA,NA,"FALSE","TRUE","35;49","Male","Long COVID symptoms, tested negative (90 days)","CPRD"
"8",1536619,45538894,2810,2020-09-01,2020-09-30,124678.696783025,2253.79320806518,2171.22400421512,2338.69861156844,"FALSE","FALSE","18;34","Male","Long COVID symptoms, tested negative (90 days)","CPRD"
"8",1514841,46515279,3687,2020-10-01,2020-10-31,127351.893223819,2895.12774931437,2802.4236985243,2990.11712727145,"FALSE","FALSE","18;34","Male","Long COVID symptoms, tested negative (90 days)","CPRD"
"8",1504314,44749755,2486,2020-11-01,2020-11-30,122518.151950719,2029.08708662204,1950.10055007773,2110.45196834893,"FALSE","FALSE","18;34","Male","Long COVID symptoms, tested negative (90 days)","CPRD"
"8",1500749,46118293,1877,2020-12-01,2020-12-31,126265.004791239,1486.55599633751,1420.05847696644,1555.36361820082,"FALSE","FALSE","18;34","Male","Long COVID symptoms, tested negative (90 days)","CPRD"
"8",1473615,45286607,538,2021-01-01,2021-01-31,123987.972621492,433.913055133497,398.017163533365,472.177152301257,"FALSE","FALSE","18;34","Male","Long COVID symptoms, tested negative (90 days)","CPRD"
"8",1470961,40848160,NA,2021-02-01,2021-02-28,111836.167008898,NA,NA,NA,"FALSE","TRUE","18;34","Male","Long COVID symptoms, tested negative (90 days)","CPRD"
"8",1482392,45188124,NA,2021-03-01,2021-03-31,123718.340862423,NA,NA,NA,"FALSE","TRUE","18;34","Male","Long COVID symptoms, tested negative (90 days)","CPRD"
"8",1481356,43925848,NA,2021-04-01,2021-04-30,120262.417522245,NA,NA,NA,"FALSE","TRUE","18;34","Male","Long COVID symptoms, tested negative (90 days)","CPRD"
"9",1246932,37148736,2107,2020-09-01,2020-09-30,101707.696098563,2071.62297527431,1984.10203020419,2162.01055592743,"FALSE","FALSE","50;64","Male","Long COVID symptoms, tested negative (90 days)","CPRD"
"9",1235435,38098989,2852,2020-10-01,2020-10-31,104309.347022587,2734.17491472018,2634.74010342361,2836.40200443985,"FALSE","FALSE","50;64","Male","Long COVID symptoms, tested negative (90 days)","CPRD"
"9",1231154,36753535,2453,2020-11-01,2020-11-30,100625.694729637,2437.74714459439,2342.22278697419,2536.16741818791,"FALSE","FALSE","50;64","Male","Long COVID symptoms, tested negative (90 days)","CPRD"
"9",1229484,37904517,1735,2020-12-01,2020-12-31,103776.911704312,1671.85549416182,1594.10430071161,1752.41824967863,"FALSE","FALSE","50;64","Male","Long COVID symptoms, tested negative (90 days)","CPRD"
"9",1254050,38684177,534,2021-01-01,2021-01-31,105911.504449008,504.194518601236,462.331978407383,548.829605547125,"FALSE","FALSE","50;64","Male","Long COVID symptoms, tested negative (90 days)","CPRD"
"9",1251148,34882972,NA,2021-02-01,2021-02-28,95504.372347707,NA,NA,NA,"FALSE","TRUE","50;64","Male","Long COVID symptoms, tested negative (90 days)","CPRD"
"9",1248598,38492136,NA,2021-03-01,2021-03-31,105385.724845996,NA,NA,NA,"FALSE","TRUE","50;64","Male","Long COVID symptoms, tested negative (90 days)","CPRD"
"9",1243859,37105399,NA,2021-04-01,2021-04-30,101589.045859001,NA,NA,NA,"FALSE","TRUE","50;64","Male","Long COVID symptoms, tested negative (90 days)","CPRD"
"1",760446,22656653,1385,2020-09-01,2020-09-30,62030.5352498289,2232.77131887044,2116.71639797089,2353.53446455439,"FALSE","FALSE","65;79","Male","Long COVID-19 symptoms, tested negative (28 days)","CPRD"
"1",752251,23186970,1602,2020-10-01,2020-10-31,63482.4640657084,2523.53153516824,2401.45666288244,2650.20405923839,"FALSE","FALSE","65;79","Male","Long COVID-19 symptoms, tested negative (28 days)","CPRD"
"1",748315,22332284,1735,2020-11-01,2020-11-30,61142.4613278576,2837.63519217291,2705.6683304805,2974.37410952027,"FALSE","FALSE","65;79","Male","Long COVID-19 symptoms, tested negative (28 days)","CPRD"
"1",746069,22983054,1586,2020-12-01,2020-12-31,62924.1724845996,2520.4940126756,2397.96020473793,2647.66645918957,"FALSE","FALSE","65;79","Male","Long COVID-19 symptoms, tested negative (28 days)","CPRD"
"1",776958,23951920,557,2021-01-01,2021-01-31,65576.7830253251,849.38597824308,780.302844448337,922.945654433941,"FALSE","FALSE","65;79","Male","Long COVID-19 symptoms, tested negative (28 days)","CPRD"
"1",774364,21575456,NA,2021-02-01,2021-02-28,59070.379192334,NA,NA,NA,"FALSE","TRUE","65;79","Male","Long COVID-19 symptoms, tested negative (28 days)","CPRD"
"1",771397,23803371,NA,2021-03-01,2021-03-31,65170.0780287474,NA,NA,NA,"FALSE","TRUE","65;79","Male","Long COVID-19 symptoms, tested negative (28 days)","CPRD"
"1",768684,22949824,NA,2021-04-01,2021-04-30,62833.1937029432,NA,NA,NA,"FALSE","TRUE","65;79","Male","Long COVID-19 symptoms, tested negative (28 days)","CPRD"
"10",1297217,38492006,9392,2020-09-01,2020-09-30,105385.368925394,8912.05306369328,8732.71530428702,9094.14680647785,"FALSE","FALSE","35;49","Female","Long COVID-19 symptoms, tested negative (28 days)","CPRD"
"10",1281529,39289276,9261,2020-10-01,2020-10-31,107568.17522245,8609.42372671871,8434.96095755743,8786.58662006072,"FALSE","FALSE","35;49","Female","Long COVID-19 symptoms, tested negative (28 days)","CPRD"
"10",1276231,37870178,8933,2020-11-01,2020-11-30,103682.896646133,8615.69293389643,8437.94312789948,8796.24422318818,"FALSE","FALSE","35;49","Female","Long COVID-19 symptoms, tested negative (28 days)","CPRD"
"10",1274433,39059394,8591,2020-12-01,2020-12-31,106938.792607803,8033.56741786624,7864.57780590107,8205.2734087131,"FALSE","FALSE","35;49","Female","Long COVID-19 symptoms, tested negative (28 days)","CPRD"
"10",1280625,39296563,2879,2021-01-01,2021-01-31,107588.125941136,2675.94585816576,2579.08190821873,2775.51691131546,"FALSE","FALSE","35;49","Female","Long COVID-19 symptoms, tested negative (28 days)","CPRD"
"10",1281476,35622614,NA,2021-02-01,2021-02-28,97529.401779603,NA,NA,NA,"FALSE","TRUE","35;49","Female","Long COVID-19 symptoms, tested negative (28 days)","CPRD"
"10",1281934,39440077,NA,2021-03-01,2021-03-31,107981.045859001,NA,NA,NA,"FALSE","TRUE","35;49","Female","Long COVID-19 symptoms, tested negative (28 days)","CPRD"
"10",1279682,38135018,NA,2021-04-01,2021-04-30,104407.989048597,NA,NA,NA,"FALSE","TRUE","35;49","Female","Long COVID-19 symptoms, tested negative (28 days)","CPRD"
"2",243214,7219289,537,2020-09-01,2020-09-30,19765.3360711841,2716.87765928196,2491.91658723988,2956.6946835532,"FALSE","FALSE","80;150","Male","Long COVID-19 symptoms, tested negative (28 days)","CPRD"
"2",239182,7338826,443,2020-10-01,2020-10-31,20092.6105407255,2204.79065725226,2004.23282489031,2419.98343126287,"FALSE","FALSE","80;150","Male","Long COVID-19 symptoms, tested negative (28 days)","CPRD"
"2",236181,7018031,530,2020-11-01,2020-11-30,19214.3216974675,2758.35914660394,2528.49275292624,3003.50895065685,"FALSE","FALSE","80;150","Male","Long COVID-19 symptoms, tested negative (28 days)","CPRD"
"2",233671,7162503,409,2020-12-01,2020-12-31,19609.864476386,2085.68499028901,1888.42542490828,2297.94930372576,"FALSE","FALSE","80;150","Male","Long COVID-19 symptoms, tested negative (28 days)","CPRD"
"2",260378,7975697,149,2021-01-01,2021-01-31,21836.2683093771,682.351022111296,577.188154592478,801.131548378321,"FALSE","FALSE","80;150","Male","Long COVID-19 symptoms, tested negative (28 days)","CPRD"
"2",256122,7103415,NA,2021-02-01,2021-02-28,19448.090349076,NA,NA,NA,"FALSE","TRUE","80;150","Male","Long COVID-19 symptoms, tested negative (28 days)","CPRD"
"2",253172,7785036,NA,2021-03-01,2021-03-31,21314.2669404517,NA,NA,NA,"FALSE","TRUE","80;150","Male","Long COVID-19 symptoms, tested negative (28 days)","CPRD"
"2",250838,7468095,NA,2021-04-01,2021-04-30,20446.5297741273,NA,NA,NA,"FALSE","TRUE","80;150","Male","Long COVID-19 symptoms, tested negative (28 days)","CPRD"
"3",351708,10422068,1358,2020-09-01,2020-09-30,28534.0670773443,4759.22340940397,4509.43439358125,5019.24859473383,"FALSE","FALSE","80;150","Female","Long COVID-19 symptoms, tested negative (28 days)","CPRD"
"3",345792,10593689,906,2020-10-01,2020-10-31,29003.9397672827,3123.71356191408,2923.59660783112,3333.92123983492,"FALSE","FALSE","80;150","Female","Long COVID-19 symptoms, tested negative (28 days)","CPRD"
"3",341921,10149567,909,2020-11-01,2020-11-30,27788,3271.19619979847,3061.97134573104,3490.9531332485,"FALSE","FALSE","80;150","Female","Long COVID-19 symptoms, tested negative (28 days)","CPRD"
"3",338971,10384841,727,2020-12-01,2020-12-31,28432.1451060917,2556.9650031233,2374.44992697524,2749.78692024512,"FALSE","FALSE","80;150","Female","Long COVID-19 symptoms, tested negative (28 days)","CPRD"
"3",371203,11370523,223,2021-01-01,2021-01-31,31130.7953456537,716.332485321915,625.393107127468,816.777795444284,"FALSE","FALSE","80;150","Female","Long COVID-19 symptoms, tested negative (28 days)","CPRD"
"3",366238,10159947,NA,2021-02-01,2021-02-28,27816.4188911704,NA,NA,NA,"FALSE","TRUE","80;150","Female","Long COVID-19 symptoms, tested negative (28 days)","CPRD"
"3",363196,11160528,NA,2021-03-01,2021-03-31,30555.8603696099,NA,NA,NA,"FALSE","TRUE","80;150","Female","Long COVID-19 symptoms, tested negative (28 days)","CPRD"
"3",360510,10728207,NA,2021-04-01,2021-04-30,29372.2299794661,NA,NA,NA,"FALSE","TRUE","80;150","Female","Long COVID-19 symptoms, tested negative (28 days)","CPRD"
"4",817632,24363544,1707,2020-09-01,2020-09-30,66703.7481177276,2559.07658590228,2439.10384321277,2683.42381008211,"FALSE","FALSE","65;79","Female","Long COVID-19 symptoms, tested negative (28 days)","CPRD"
"4",809193,24938629,2246,2020-10-01,2020-10-31,68278.2450376455,3289.48114990604,3154.83236403933,3428.39911693184,"FALSE","FALSE","65;79","Female","Long COVID-19 symptoms, tested negative (28 days)","CPRD"
"4",805285,24025425,2445,2020-11-01,2020-11-30,65778.0287474333,3717.04662872769,3571.15654454625,3867.36686653109,"FALSE","FALSE","65;79","Female","Long COVID-19 symptoms, tested negative (28 days)","CPRD"
"4",803485,24748010,2191,2020-12-01,2020-12-31,67756.3586584531,3233.64484659575,3099.64792903384,3371.94420658942,"FALSE","FALSE","65;79","Female","Long COVID-19 symptoms, tested negative (28 days)","CPRD"
"4",828750,25552723,833,2021-01-01,2021-01-31,69959.5427789185,1190.68817049361,1111.19230808424,1274.36943783481,"FALSE","FALSE","65;79","Female","Long COVID-19 symptoms, tested negative (28 days)","CPRD"
"4",827452,23064601,NA,2021-02-01,2021-02-28,63147.4360027378,NA,NA,NA,"FALSE","TRUE","65;79","Female","Long COVID-19 symptoms, tested negative (28 days)","CPRD"
"4",825606,25495767,NA,2021-03-01,2021-03-31,69803.6057494867,NA,NA,NA,"FALSE","TRUE","65;79","Female","Long COVID-19 symptoms, tested negative (28 days)","CPRD"
"4",824092,24613660,NA,2021-04-01,2021-04-30,67388.5284052019,NA,NA,NA,"FALSE","TRUE","65;79","Female","Long COVID-19 symptoms, tested negative (28 days)","CPRD"
"5",1523831,44857995,11361,2020-09-01,2020-09-30,122814.496919918,9250.53661002905,9081.20817558911,9422.22916918256,"FALSE","FALSE","18;34","Female","Long COVID-19 symptoms, tested negative (28 days)","CPRD"
"5",1491320,45371894,12984,2020-10-01,2020-10-31,124221.475701574,10452.2989496537,10273.2767183103,10633.6580519542,"FALSE","FALSE","18;34","Female","Long COVID-19 symptoms, tested negative (28 days)","CPRD"
"5",1473796,43449403,10549,2020-11-01,2020-11-30,118957.98220397,8867.83703334198,8699.41134786718,9038.70377756423,"FALSE","FALSE","18;34","Female","Long COVID-19 symptoms, tested negative (28 days)","CPRD"
"5",1468057,44720827,10266,2020-12-01,2020-12-31,122438.951403149,8384.58667144058,8223.16973940154,8548.37536871749,"FALSE","FALSE","18;34","Female","Long COVID-19 symptoms, tested negative (28 days)","CPRD"
"5",1440889,43938675,3405,2021-01-01,2021-01-31,120297.535934292,2830.48191598859,2736.20028471124,2927.18342999077,"FALSE","FALSE","18;34","Female","Long COVID-19 symptoms, tested negative (28 days)","CPRD"
"5",1438986,39745864,NA,2021-02-01,2021-02-28,108818.245037645,NA,NA,NA,"FALSE","TRUE","18;34","Female","Long COVID-19 symptoms, tested negative (28 days)","CPRD"
"5",1458067,44195235,NA,2021-03-01,2021-03-31,120999.958932238,NA,NA,NA,"FALSE","TRUE","18;34","Female","Long COVID-19 symptoms, tested negative (28 days)","CPRD"
"5",1463315,43231261,NA,2021-04-01,2021-04-30,118360.741957563,NA,NA,NA,"FALSE","TRUE","18;34","Female","Long COVID-19 symptoms, tested negative (28 days)","CPRD"
"6",1200175,35713946,5477,2020-09-01,2020-09-30,97779.4551676934,5601.38118033779,5454.00757001575,5751.72834211522,"FALSE","FALSE","50;64","Female","Long COVID-19 symptoms, tested negative (28 days)","CPRD"
"6",1187590,36515953,7499,2020-10-01,2020-10-31,99975.2306639288,7500.85791270462,7332.03868300792,7672.58346636392,"FALSE","FALSE","50;64","Female","Long COVID-19 symptoms, tested negative (28 days)","CPRD"
"6",1182695,35185451,6924,2020-11-01,2020-11-30,96332.514715948,7187.6043311197,7019.29093928998,7358.93442304854,"FALSE","FALSE","50;64","Female","Long COVID-19 symptoms, tested negative (28 days)","CPRD"
"6",1182274,36321682,6420,2020-12-01,2020-12-31,99443.3456536619,6455.93725532865,6298.97086034943,6615.82643515312,"FALSE","FALSE","50;64","Female","Long COVID-19 symptoms, tested negative (28 days)","CPRD"
"6",1201518,36970047,2507,2021-01-01,2021-01-31,101218.472279261,2476.82062724995,2380.80580042737,2575.71419989971,"FALSE","FALSE","50;64","Female","Long COVID-19 symptoms, tested negative (28 days)","CPRD"
"6",1202262,33494005,NA,2021-02-01,2021-02-28,91701.5879534565,NA,NA,NA,"FALSE","TRUE","50;64","Female","Long COVID-19 symptoms, tested negative (28 days)","CPRD"
"6",1201420,37077061,NA,2021-03-01,2021-03-31,101511.460643395,NA,NA,NA,"FALSE","TRUE","50;64","Female","Long COVID-19 symptoms, tested negative (28 days)","CPRD"
"6",1199559,35821239,NA,2021-04-01,2021-04-30,98073.2073921971,NA,NA,NA,"FALSE","TRUE","50;64","Female","Long COVID-19 symptoms, tested negative (28 days)","CPRD"
"7",1383198,41132536,3807,2020-09-01,2020-09-30,112614.746064339,3380.55195526967,3274.01031020952,3489.67776653857,"FALSE","FALSE","35;49","Male","Long COVID-19 symptoms, tested negative (28 days)","CPRD"
"7",1370283,42174829,4284,2020-10-01,2020-10-31,115468.388774812,3710.10632906182,3599.82997176664,3822.90220362036,"FALSE","FALSE","35;49","Male","Long COVID-19 symptoms, tested negative (28 days)","CPRD"
"7",1365092,40665454,3810,2020-11-01,2020-11-30,111335.945242984,3422.07540582235,3314.26723764252,3532.49741626327,"FALSE","FALSE","35;49","Male","Long COVID-19 symptoms, tested negative (28 days)","CPRD"
"7",1362829,41928477,3898,2020-12-01,2020-12-31,114793.9137577,3395.65040723993,3289.87961379223,3503.95614917771,"FALSE","FALSE","35;49","Male","Long COVID-19 symptoms, tested negative (28 days)","CPRD"
"7",1367653,42097887,1249,2021-01-01,2021-01-31,115257.733059548,1083.65830807613,1024.38635954971,1145.46537709888,"FALSE","FALSE","35;49","Male","Long COVID-19 symptoms, tested negative (28 days)","CPRD"
"7",1367230,38047666,NA,2021-02-01,2021-02-28,104168.832306639,NA,NA,NA,"FALSE","TRUE","35;49","Male","Long COVID-19 symptoms, tested negative (28 days)","CPRD"
"7",1366221,42000254,NA,2021-03-01,2021-03-31,114990.428473648,NA,NA,NA,"FALSE","TRUE","35;49","Male","Long COVID-19 symptoms, tested negative (28 days)","CPRD"
"7",1361436,40536175,NA,2021-04-01,2021-04-30,110981.998631075,NA,NA,NA,"FALSE","TRUE","35;49","Male","Long COVID-19 symptoms, tested negative (28 days)","CPRD"
"8",1536619,45526114,3722,2020-09-01,2020-09-30,124643.707049966,2986.11144364309,2890.94104402533,3083.6167639542,"FALSE","FALSE","18;34","Male","Long COVID-19 symptoms, tested negative (28 days)","CPRD"
"8",1514451,46474339,4933,2020-10-01,2020-10-31,127239.805612594,3876.93141800252,3769.48932695762,3986.65913863956,"FALSE","FALSE","18;34","Male","Long COVID-19 symptoms, tested negative (28 days)","CPRD"
"8",1503751,44697780,3696,2020-11-01,2020-11-30,122375.852156057,3020.2036879684,2923.61148517174,3119.17412780516,"FALSE","FALSE","18;34","Male","Long COVID-19 symptoms, tested negative (28 days)","CPRD"
"8",1500340,46061824,3726,2020-12-01,2020-12-31,126110.40109514,2954.5540793174,2860.43959725399,3050.97631958275,"FALSE","FALSE","18;34","Male","Long COVID-19 symptoms, tested negative (28 days)","CPRD"
"8",1472692,45218792,1278,2021-01-01,2021-01-31,123802.305270363,1032.29095549479,976.463974005653,1090.47783536177,"FALSE","FALSE","18;34","Male","Long COVID-19 symptoms, tested negative (28 days)","CPRD"
"8",1470961,40831531,NA,2021-02-01,2021-02-28,111790.639288159,NA,NA,NA,"FALSE","TRUE","18;34","Male","Long COVID-19 symptoms, tested negative (28 days)","CPRD"
"8",1482392,45188124,NA,2021-03-01,2021-03-31,123718.340862423,NA,NA,NA,"FALSE","TRUE","18;34","Male","Long COVID-19 symptoms, tested negative (28 days)","CPRD"
"8",1481356,43925848,NA,2021-04-01,2021-04-30,120262.417522245,NA,NA,NA,"FALSE","TRUE","18;34","Male","Long COVID-19 symptoms, tested negative (28 days)","CPRD"
"9",1246932,37137816,2837,2020-09-01,2020-09-30,101677.798767967,2790.18628882215,2688.44905830231,2894.7881128052,"FALSE","FALSE","50;64","Male","Long COVID-19 symptoms, tested negative (28 days)","CPRD"
"9",1235148,38066152,3895,2020-10-01,2020-10-31,104219.44421629,3737.30643958969,3620.84896341955,3856.55607476754,"FALSE","FALSE","50;64","Male","Long COVID-19 symptoms, tested negative (28 days)","CPRD"
"9",1230692,36706591,3712,2020-11-01,2020-11-30,100497.169062286,3693.63638263221,3575.75926010423,3814.40946059536,"FALSE","FALSE","50;64","Male","Long COVID-19 symptoms, tested negative (28 days)","CPRD"
"9",1229040,37850335,3387,2020-12-01,2020-12-31,103628.569472964,3268.40370105047,3159.24869118392,3380.36788183684,"FALSE","FALSE","50;64","Male","Long COVID-19 symptoms, tested negative (28 days)","CPRD"
"9",1253124,38616048,1304,2021-01-01,2021-01-31,105724.977412731,1233.38877142477,1167.34545613927,1302.19523334852,"FALSE","FALSE","50;64","Male","Long COVID-19 symptoms, tested negative (28 days)","CPRD"
"9",1251148,34865836,NA,2021-02-01,2021-02-28,95457.4565366188,NA,NA,NA,"FALSE","TRUE","50;64","Male","Long COVID-19 symptoms, tested negative (28 days)","CPRD"
"9",1248598,38492136,NA,2021-03-01,2021-03-31,105385.724845996,NA,NA,NA,"FALSE","TRUE","50;64","Male","Long COVID-19 symptoms, tested negative (28 days)","CPRD"
"9",1243859,37105399,NA,2021-04-01,2021-04-30,101589.045859001,NA,NA,NA,"FALSE","TRUE","50;64","Male","Long COVID-19 symptoms, tested negative (28 days)","CPRD"
